<?xml version="1.0"?>
<!--<!DOCTYPE metadata SYSTEM "http://www.esri.com/metadata/esriprof80.dtd">-->
<metadata xml:lang="en"><Esri><CreaDate>20070904</CreaDate><CreaTime>16595700</CreaTime><SyncOnce>FALSE</SyncOnce><MetaID>{BE86B7EB-1992-459C-AC20-38DAD5AB7318}</MetaID><DataProperties><lineage><Process Name="CopyRaster_1" ToolSource="C:\Program Files\ArcGIS\ArcToolbox\Toolboxes\Data Management Tools.tbx\CopyRaster" Date="20070906" Time="112542">CopyRaster D:\bu\Madagascar\August\website\veg_lastest D:\bu\Madagascar\August\CD\data\utm\Vegetation # # # NONE NONE #</Process></lineage></DataProperties><SyncDate>20070907</SyncDate><SyncTime>15074600</SyncTime><ModDate>20070907</ModDate><ModTime>15074600</ModTime></Esri><idinfo><citation><citeinfo><onlink Sync="TRUE">\\A6684\D$\bu\Madagascar\August\CD\data\utm\vegetation</onlink><origin>REQUIRED: The name of an organization or individual that developed the data set.</origin><pubdate>September 2007</pubdate><title>Madagascar Vegetation Map</title><ftname Sync="TRUE">vegetation</ftname><geoform Sync="TRUE">raster digital data</geoform><edition>1</edition><othercit>MADAGASCAR VEGETATION ATLAS - Editors: Justin Moat and Paul Smith, publisher Royal Botanic Gardens, Kew. Probable Publication date Sept 2007</othercit></citeinfo></citation><native Sync="TRUE">Microsoft Windows 2000 Version 5.0 (Build 2195) Service Pack 4; ESRI ArcCatalog 9.2.2.1350</native><descript><langdata Sync="TRUE">en</langdata><abstract>Madagascar Vegetation Map</abstract><purpose>This data was produced for the Madagascar Vegetation mapping Project (http://www.vegmad.org/). Data to be use for conservation planning and species mapping. </purpose></descript><timeperd><current>ground condition</current><timeinfo><sngdate><caldate>2001</caldate></sngdate></timeinfo></timeperd><status><progress>Complete</progress><update>As needed</update></status><spdom><bounding><westbc Sync="TRUE">42.455700</westbc><eastbc Sync="TRUE">51.823475</eastbc><northbc Sync="TRUE">-11.603552</northbc><southbc Sync="TRUE">-26.254951</southbc></bounding><lboundng><leftbc Sync="TRUE">245824.275117</leftbc><rightbc Sync="TRUE">1183336.275117</rightbc><bottombc Sync="TRUE">7096081.500000</bottombc><topbc Sync="TRUE">8709757.500000</topbc></lboundng></spdom><keywords><theme><themekt>REQUIRED: Reference to a formally registered thesaurus or a similar authoritative source of theme keywords.</themekt><themekey>Vegetation</themekey><themekey>Madagascar</themekey><themekey>Remaining</themekey><themekey>Biodiversity</themekey><themekey>Conservation</themekey><themekey>physiognomy</themekey></theme><place><placekey>Island</placekey><placekey>Africa</placekey><placekey>Madagascar</placekey></place><stratum><stratkey>Vegetation</stratkey><stratkey>Land surface</stratkey></stratum><temporal><tempkey>2001</tempkey></temporal></keywords><accconst>Non-profit/research only.</accconst><useconst>Non-profit/research only.</useconst><natvform Sync="TRUE">Raster Dataset</natvform><ptcontac><cntinfo><cntaddr><address>Royal Botanic Gardens Kew,</address><addrtype>mailing address</addrtype><city>Richmond</city><state>Surrey</state><postal>TW9 3AE</postal><country>UK</country></cntaddr><cntperp><cntper>Justin Moat</cntper><cntorg>Royal Botanic Gardens, Kew</cntorg></cntperp><cntpos>GIS Unit Manager</cntpos><cntvoice>+44 (0)2083325276</cntvoice><cntfax>+44 (0)2083325275</cntfax><cntemail>J.Moat@kew.org</cntemail></cntinfo></ptcontac><datacred>Madagascar Vegetation mapping Project. Rbgkew, CI and MOBOT</datacred><secinfo><secclass>Unclassified</secclass></secinfo></idinfo><distInfo><distributor><distorTran><onLineSrc><linkage Sync="TRUE">file://\\A6684\D$\bu\Madagascar\August\CD\data\utm\vegetation</linkage><protocol Sync="TRUE">Local Area Network</protocol><orDesc Sync="TRUE">002</orDesc></onLineSrc><transSize Sync="TRUE">88.449</transSize></distorTran><distorFormat><formatName Sync="TRUE">Raster Dataset</formatName></distorFormat></distributor></distInfo><dataqual><lineage><procstep><procdesc>See:

MADAGASCAR VEGETATION ATLAS - Editors: Justin Moat and Paul Smith, publisher Royal Botanic Gardens, Kew. Probable Publication date Sept 2007. </procdesc><srcused Sync="TRUE">D:\bu\Madagascar\May2007\veg_lastest</srcused><date Sync="TRUE">20070904</date><time Sync="TRUE">16595700</time></procstep></lineage><attracc><attraccr>See MADAGASCAR VEGETATION ATLAS - Editors: Justin Moat and Paul Smith, publisher Royal Botanic Gardens, Kew. Probable Publication date Sept 2007. </attraccr></attracc><complete>Complete as can be</complete><posacc><horizpa><horizpar>The images used to produce this atlas have a resolution of 30 m. On top of
this, a 3 x 3 majority filter has been applied giving a ground resolution of 90
m. If this represented 1 mm on a scale map then it would be possible to use
the vegetation map at a scale of 1:90 000, which gives us a quality scale. The
actual accuracy (i.e. how close the map boundaries are to the reality on the
ground) is dependent on the ortho-rectification of the original Landsat
imagery. The recommended useful scale for Landsat imagery is set at a
minimum of 1:125 000. It should be noted that at higher elevations the georeferencing
will tend to be worse. In the field we observed errors of ~ 150
meters for some areas of high elevation (Ambohitra at ~ 1 400 m), but no
significant errors were observed for lower elevations. With all this in mind it
would be possible to push the data to a scale of 1:125 000, but a good
working scale would be 1:250 000.  See MADAGASCAR VEGETATION ATLAS - Editors: Justin Moat and Paul Smith, publisher Royal Botanic Gardens, Kew. Probable Publication date Sept 2007. </horizpar></horizpa></posacc><cloud>Only on Ile St. Marie &lt; 1%</cloud></dataqual><dataIdInfo><envirDesc Sync="TRUE">Microsoft Windows 2000 Version 5.0 (Build 2195) Service Pack 4; ESRI ArcCatalog 9.2.2.1350</envirDesc><dataLang><languageCode Sync="TRUE" value="en"></languageCode></dataLang><idCitation><resTitle Sync="TRUE">vegetation</resTitle><presForm><PresFormCd Sync="TRUE" value="005"></PresFormCd></presForm></idCitation><spatRpType><SpatRepTypCd Sync="TRUE" value="002"></SpatRepTypCd></spatRpType><dataExt><geoEle><GeoBndBox esriExtentType="native"><westBL Sync="TRUE">245824.275117</westBL><eastBL Sync="TRUE">1183336.275117</eastBL><northBL Sync="TRUE">8709757.5</northBL><southBL Sync="TRUE">7096081.5</southBL><exTypeCode Sync="TRUE">1</exTypeCode></GeoBndBox></geoEle></dataExt><geoBox esriExtentType="decdegrees"><westBL Sync="TRUE">42.4557</westBL><eastBL Sync="TRUE">51.823475</eastBL><northBL Sync="TRUE">-11.603552</northBL><southBL Sync="TRUE">-26.254951</southBL><exTypeCode Sync="TRUE">1</exTypeCode></geoBox></dataIdInfo><metainfo><langmeta Sync="TRUE">en</langmeta><metstdn Sync="TRUE">FGDC Content Standards for Digital Geospatial Metadata</metstdn><metstdv Sync="TRUE">FGDC-STD-001-1998</metstdv><mettc Sync="TRUE">local time</mettc><metc><cntinfo><cntorgp><cntper>REQUIRED: The person responsible for the metadata information.</cntper><cntorg>REQUIRED: The organization responsible for the metadata information.</cntorg></cntorgp><cntaddr><addrtype>REQUIRED: The mailing and/or physical address for the organization or individual.</addrtype><city>REQUIRED: The city of the address.</city><state>REQUIRED: The state or province of the address.</state><postal>REQUIRED: The ZIP or other postal code of the address.</postal></cntaddr><cntvoice>REQUIRED: The telephone number by which individuals can speak to the organization or individual.</cntvoice></cntinfo></metc><metd Sync="TRUE">20070907</metd><metsi><metsc>Unclassified</metsc></metsi><metextns><onlink Sync="TRUE">http://www.esri.com/metadata/esriprof80.html</onlink><metprof Sync="TRUE">ESRI Metadata Profile</metprof></metextns></metainfo><mdLang><languageCode Sync="TRUE" value="en"></languageCode></mdLang><mdStanName Sync="TRUE">ISO 19115 Geographic Information - Metadata</mdStanName><mdStanVer Sync="TRUE">DIS_ESRI1.0</mdStanVer><mdChar><CharSetCd Sync="TRUE" value="004"></CharSetCd></mdChar><mdHrLv><ScopeCd Sync="TRUE" value="005"></ScopeCd></mdHrLv><mdHrLvName Sync="TRUE">dataset</mdHrLvName><distinfo><resdesc>CD Rom and Downloadable</resdesc><stdorder><digform><digtinfo><transize Sync="TRUE">88.449</transize><dssize Sync="TRUE">88.449</dssize></digtinfo></digform></stdorder></distinfo><spdoinfo><direct Sync="TRUE">Raster</direct><rastinfo><rasttype Sync="TRUE">Grid Cell</rasttype><rowcount Sync="TRUE">55644</rowcount><colcount Sync="TRUE">32328</colcount><rastxsz Sync="TRUE">29.000000</rastxsz><rastysz Sync="TRUE">29.000000</rastysz><rastbpp Sync="TRUE">8</rastbpp><vrtcount Sync="TRUE">1</vrtcount><rastorig Sync="TRUE">Upper Left</rastorig><rastcmap Sync="TRUE">TRUE</rastcmap><rastcomp Sync="TRUE">Default</rastcomp><rastband Sync="TRUE">1</rastband><rastdtyp Sync="TRUE">matrix values</rastdtyp><rastplyr Sync="TRUE">FALSE</rastplyr><rastifor Sync="TRUE"></rastifor></rastinfo></spdoinfo><spref><horizsys><cordsysn><geogcsn Sync="TRUE">GCS_WGS_1984</geogcsn><projcsn Sync="TRUE">WGS_1984_UTM_Zone_38S</projcsn></cordsysn><planar><planci><plance Sync="TRUE">row and column</plance><plandu Sync="TRUE">meters</plandu><coordrep><absres Sync="TRUE">29.000000</absres><ordres Sync="TRUE">29.000000</ordres></coordrep></planci><gridsys><gridsysn Sync="TRUE">Universal Transverse Mercator</gridsysn><utm><utmzone Sync="TRUE">-38</utmzone><transmer><sfctrmer Sync="TRUE">0.999600</sfctrmer><longcm Sync="TRUE">45.000000</longcm><latprjo Sync="TRUE">0.000000</latprjo><feast Sync="TRUE">500000.000000</feast><fnorth Sync="TRUE">10000000.000000</fnorth></transmer></utm></gridsys></planar><geodetic><horizdn Sync="TRUE">D_WGS_1984</horizdn><ellips Sync="TRUE">WGS_1984</ellips><semiaxis Sync="TRUE">6378137.000000</semiaxis><denflat Sync="TRUE">298.257224</denflat></geodetic></horizsys></spref><refSysInfo><RefSystem><refSysID><identCode Sync="TRUE">WGS_1984_UTM_Zone_38S</identCode></refSysID></RefSystem></refSysInfo><spatRepInfo><GridSpatRep><numDims Sync="TRUE">2</numDims><cellGeo><CellGeoCd Sync="TRUE" value="002"></CellGeoCd></cellGeo><tranParaAv Sync="TRUE">1</tranParaAv><axDimProps><Dimen><dimName><DimNameTypCd Sync="TRUE" value="002"></DimNameTypCd></dimName><dimSize Sync="TRUE">32328</dimSize><dimResol><value Sync="TRUE">29</value><uom><UomLength><uomName Sync="TRUE">Meter</uomName><conversionToISOstandardUnit Sync="TRUE">1 Meter = 1 Meter(s)</conversionToISOstandardUnit></UomLength></uom></dimResol></Dimen><Dimen><dimName><DimNameTypCd Sync="TRUE" value="001"></DimNameTypCd></dimName><dimSize Sync="TRUE">55644</dimSize><dimResol><value Sync="TRUE">29</value><uom><UomLength><uomName Sync="TRUE">Meter</uomName><conversionToISOstandardUnit Sync="TRUE">1 Meter = 1 Meter(s)</conversionToISOstandardUnit></UomLength></uom></dimResol></Dimen></axDimProps></GridSpatRep></spatRepInfo><eainfo><detailed Name="vegetation.vat"><enttyp><enttypl Sync="TRUE">vegetation.vat</enttypl><enttypt Sync="TRUE">Table</enttypt><enttypc Sync="TRUE">21</enttypc></enttyp><attr><attrlabl Sync="TRUE">Rowid</attrlabl><attalias Sync="TRUE">Rowid</attalias><attrtype Sync="TRUE">OID</attrtype><attwidth Sync="TRUE">4</attwidth><atprecis Sync="TRUE">0</atprecis><attscale Sync="TRUE">0</attscale><attrdef Sync="TRUE">Internal feature number.</attrdef><attrdefs Sync="TRUE">ESRI</attrdefs><attrdomv><udom Sync="TRUE">Sequential unique whole numbers that are automatically generated.</udom></attrdomv></attr><attr><attrlabl Sync="TRUE">VALUE</attrlabl><attalias Sync="TRUE">VALUE</attalias><attrtype Sync="TRUE">Integer</attrtype><attwidth Sync="TRUE">4</attwidth><atprecis Sync="TRUE">0</atprecis><attscale Sync="TRUE">0</attscale></attr><attr><attrlabl Sync="TRUE">COUNT</attrlabl><attalias Sync="TRUE">COUNT</attalias><attrtype Sync="TRUE">Integer</attrtype><attwidth Sync="TRUE">4</attwidth><atprecis Sync="TRUE">0</atprecis><attscale Sync="TRUE">0</attscale></attr><attr><attrlabl Sync="TRUE">RED</attrlabl><attalias Sync="TRUE">RED</attalias><attrtype Sync="TRUE">Double</attrtype><attwidth Sync="TRUE">8</attwidth><atprecis Sync="TRUE">0</atprecis><attscale Sync="TRUE">0</attscale></attr><attr><attrlabl Sync="TRUE">GREEN</attrlabl><attalias Sync="TRUE">GREEN</attalias><attrtype Sync="TRUE">Double</attrtype><attwidth Sync="TRUE">8</attwidth><atprecis Sync="TRUE">0</atprecis><attscale Sync="TRUE">0</attscale></attr><attr><attrlabl Sync="TRUE">BLUE</attrlabl><attalias Sync="TRUE">BLUE</attalias><attrtype Sync="TRUE">Double</attrtype><attwidth Sync="TRUE">8</attwidth><atprecis Sync="TRUE">0</atprecis><attscale Sync="TRUE">0</attscale></attr><attr><attrlabl Sync="TRUE">OPACITY</attrlabl><attalias Sync="TRUE">OPACITY</attalias><attrtype Sync="TRUE">Double</attrtype><attwidth Sync="TRUE">8</attwidth><atprecis Sync="TRUE">0</atprecis><attscale Sync="TRUE">0</attscale></attr><attr><attrlabl Sync="TRUE">NAME12</attrlabl><attalias Sync="TRUE">NAME12</attalias><attrtype Sync="TRUE">String</attrtype><attwidth Sync="TRUE">255</attwidth><atprecis Sync="TRUE">0</atprecis><attscale Sync="TRUE">0</attscale></attr><attr><attrlabl Sync="TRUE">CHAPTER12</attrlabl><attalias Sync="TRUE">CHAPTER12</attalias><attrtype Sync="TRUE">String</attrtype><attwidth Sync="TRUE">255</attwidth><atprecis Sync="TRUE">0</atprecis><attscale Sync="TRUE">0</attscale></attr><attr><attrlabl Sync="TRUE">WEBSITE_N1</attrlabl><attalias Sync="TRUE">WEBSITE_N1</attalias><attrtype Sync="TRUE">String</attrtype><attwidth Sync="TRUE">255</attwidth><atprecis Sync="TRUE">0</atprecis><attscale Sync="TRUE">0</attscale></attr><attr><attrlabl Sync="TRUE">ORDER2</attrlabl><attalias Sync="TRUE">ORDER2</attalias><attrtype Sync="TRUE">Double</attrtype><attwidth Sync="TRUE">8</attwidth><atprecis Sync="TRUE">0</atprecis><attscale Sync="TRUE">0</attscale></attr><attr><attrlabl Sync="TRUE">RECLASS1</attrlabl><attalias Sync="TRUE">RECLASS1</attalias><attrtype Sync="TRUE">Double</attrtype><attwidth Sync="TRUE">8</attwidth><atprecis Sync="TRUE">0</atprecis><attscale Sync="TRUE">0</attscale></attr></detailed></eainfo><mdDateSt Sync="TRUE">20070907</mdDateSt></metadata>
